test,stat,p_value
Chi² payday-debt vs completion,76.95064770970015,1.752838314025229e-18
t-test income (complete vs drop),-3.145270445305023,0.0016762124275673167
t-test debt-to-income,3.701279842566987,0.00022045535728607525
Chi² province vs completion,47.353212510183454,3.3726614890276735e-07
